"","age","region","bio","AMPdGMP","AdG","C","G","GMP","I","UMPpseudoUMP","UpseudoU","ca5dC","dA","dAMP","dCTP","dITP","f5dC","f5dCTP","m6Am","m6dA","mA","mChm5dC","mG","mU"
"1","15M","anterior olfactory","1",60.8439288959438,45.770146189717,2.20739219869828,0.957514571365903,8.18734476900748,134.829817707102,0.796106118566103,2.22472908573638,0,2.43790330126301,0.830455277852734,0.855924969162796,0,0,0,1.50832542132565,0.942267935687694,1.18853775815152,497.672209397845,0,0.68703668308919
"2","15M","anterior olfactory","2",56.9100683695565,22.2574569707343,1.41279152848389,0,4.29377889458137,119.583300804529,1.43920413845203,4.22331553528474,0,2.86057871922082,0,0,0,0.363615859587351,0,0,2.47283615681566,3.52420397291093,559.95117186579,0,0.447582298851983
"3","15M","anterior olfactory","3",63.5560711925748,22.7682522777878,0,0,10.4641443578449,103.330896376648,0.770226569210963,5.38237137554815,0,4.5723096718652,0.54059616584735,0,0,0.426984072250933,0,0,2.06872710181275,0.991075090315106,601.711564108957,0,0
"4","15M","basal forebrain","1",62.648110670963,0,1.14025894803643,0.676198390920528,6.9212132901253,289.458280732864,0,4.37316630552214,0,2.28996819078553,0.548889870136374,0,0,0.605138992382857,0,0.456462022687808,0,3.37403680768001,905.947606603833,0,0
"5","15M","basal forebrain","2",64.2893723024605,0,2.0367722146271,0,10.4191072026652,247.917557664595,0.704998851640971,6.4191797977174,0,1.03055502463379,0.904605451562781,0,0,1.36227229885486,0,0,0.964019670428073,3.98146870912348,1037.78677212688,0,2.30503974153763
"6","15M","basal forebrain","3",42.9092366917161,2.42475082258359,1.0054119709851,0,5.23536513461391,221.912279718456,0,1.98747425792641,0,4.25567944172111,0,0,0,1.4820710698109,0,0.705060131365109,3.21146367320551,1.44945721102591,670.768202600839,0,0
"7","15M","caudate putamen","1",64.9068847262522,9.6039527981928,1.28484814932747,0,8.14757598863209,152.943082465411,0.27337829023403,2.6212692353829,0,3.31492805046692,0,0,0,0.782996611444172,0,0.418358740046156,1.52515998508198,2.31937838015161,587.957539560142,0.679973153225154,0.738509591542554
"8","15M","caudate putamen","2",69.1734493667403,3.43871877590686,0.637147778261447,0.152568318003764,10.7306032021338,153.809962104771,0.829751118086077,1.88227969893953,0,4.37527205875925,0.189995124085984,0,0,0.413243510241038,0,0.351684508480581,1.81600969111902,1.95855733306521,667.00033482096,0.140451582857585,0.504616556835742
"9","15M","caudate putamen","3",60.3118613454138,13.822730967712,0.583455582543708,0,6.09666010711196,88.9044471334729,0.820896421914655,0.966655736344874,0,2.45681537112103,0.205791560762552,0,0,0.653852335702112,0,0.216042954838118,2.83659657093042,0.439368089681304,578.630178291633,0,0.389070263427322
"10","15M","cerebellum","1",57.3452557045165,14.1879792178503,1.56893591699177,0.207654595195632,5.94429680696759,105.974859129309,0.780759445267228,10.7268545852985,0,3.16170189516372,0.262869107624954,0.0206815587061557,0,2.06515888424308,0,0.556105802682256,1.84971436396553,1.962144007237,523.495167595888,0.126140513495626,0.190000597164092
"11","15M","cerebellum","2",57.2210710948419,12.8073756301189,1.1872757980895,0.0564006908638885,5.91055561354762,96.5762796815834,1.03022848903325,9.62618948646833,0.0134358799080883,3.19363966329052,0.826521720454399,0,0,1.59959236268788,0,0.559409941977541,1.6901980252863,1.70346873722892,624.437961480098,0.14315852031432,0.316149528063486
"12","15M","cerebellum","3",53.1394391279277,9.52431300633971,0.610523398718061,0.0262442005123979,4.68034757759497,91.4969494755412,0.741387407061818,7.75429158513564,0.0288760063060947,2.3204686058639,0.341818028350043,0.087368839153674,0,1.24791383835561,0,0.235665512105832,1.30121519653823,1.31444527132691,580.709740007406,0.0817923366087457,0.233092678298955
"13","15M","corpus callosum","1",77.703048572659,1.14477049558786,0.77454485759374,0.546179052377246,7.54804323776417,166.994576660537,1.41358040605003,1.65405619198597,0,4.17283059994859,0,0,0,1.15584596128207,0,0.605368834261347,2.89422832550008,0.6736744418412,473.806109336117,0,0
"14","15M","corpus callosum","2",63.0691073506717,2.45653906630607,0.272574444440923,0.255957597346765,4.82554961124889,119.605859680849,0.520149164559929,0.332212489918944,0,1.91801001377532,0,0,0,0.34782619347369,0,0.709780558294516,2.23915331288916,0,422.530484267148,0.132240614778741,0.124161475350144
"15","15M","corpus callosum","3",55.340282329328,1.2928828552323,0.420003748499259,0,3.19986385411947,101.710337899266,0.729916312839139,1.00437027794379,0,3.35173092790722,0,0,0,0,0,0,2.46475770399462,1.22510407331748,477.884040547869,0,0
"16","15M","cortex","1",71.9017956143466,22.1375255619337,0.837859647348599,0.032713245228346,8.87859184602907,94.3470979145476,1.05653708335937,4.62571197409115,0,3.79773434671803,0.318601785061431,0,0,0.668541706670032,0.0502997872541419,0.500785609611734,2.17527101425536,1.32009256262873,507.765267959058,0.0953236148048977,0.179745008553215
"17","15M","cortex","2",61.5970853382971,16.1093225223866,0.462553604901291,0,6.48443726374236,78.0636165765252,0.914388166799746,3.15505855233361,0,2.30416686804317,0.351606343515767,0,0.0458143560762335,0.444417160239968,0,0.445115661216508,1.22954159952056,1.35030520529517,492.260940327206,0.0722822668770748,0.196784851719984
"18","15M","cortex","3",57.38309186049,19.6470749416612,0.180214458695027,0.0468281387551396,6.34092520737827,70.323963250988,0.77678779498578,3.00836521657537,0,3.01253689767199,0.203339170233809,0,0.0222472862923524,0.555027349829437,0.0298112984040347,0.365527043251035,1.76808587121105,1.69188282673804,463.935423823486,0.0314213931166834,0.177125293602312
"19","15M","fornix","1",60.4040927423777,1.88934396141488,0,0.674903984317395,0,149.636618440499,0.971549688016194,0.958389652692671,0,0.890561237362409,0,0,0,0,0,2.25006397206797,0,0,407.629573225286,1.75651393984502,0
"20","15M","fornix","2",55.8340587751537,1.99361234778681,1.29330171185957,0.708159306209125,3.94005364246177,159.7849118908,0,1.67773435332211,0,1.41689107146587,0,0,0,0,0,0,0.630302025686282,0.837661215109368,531.902013903735,0,0
"21","15M","fornix","3",47.4199232466945,0.888012378472417,0.806477731509927,0,2.82310127583154,121.173581909355,0,0,0,3.80981366175255,0,0,0,0,0,0,2.06926351396382,3.02064410509982,414.166049051906,0,0
"22","15M","hippocampus","1",51.4035868546418,28.8849561783281,0.530061031200355,0,7.65358385581045,112.048254221235,0.262970692940072,2.20223221598324,0,2.27432383438597,0,0,0,0.444987093952139,0,0.392196177123055,4.24481583343203,1.28343512091406,345.691165379643,0,0
"23","15M","hippocampus","2",50.0211475801412,19.3292304655167,1.91691328752571,0,3.61602447070054,124.436659063853,0.864121706225748,1.55072636692481,0,2.14104816201659,0,0,0,1.22964546732735,0,0,0.972991563878267,0.718322665290023,424.405462238504,0,0.718290418265163
"24","15M","hippocampus","3",45.8260080876009,34.8656695890338,0.41415159893647,0,4.76309576501845,83.6543557751989,1.04437108439332,2.31874600426206,0,1.96401550193065,0,0,0,0.307511096578964,0,0.604087452914873,2.26021027611877,0.551320460875298,370.373977777664,0.327410013386909,0.468932322401846
"25","15M","Hypothalamus","1",57.2655646319807,6.30354835211306,2.78689163115771,0,5.82158368787873,260.452522185945,0.449207842234583,4.98825877342765,0,1.79262916957915,0.754726952778886,0,0,0.299074749570728,0,0,0.272068243022203,2.29905816469811,846.296834822092,0,0.673715586311797
"26","15M","Hypothalamus","2",75.4076376273122,0,2.57590236565463,0.232782103685462,7.68298105632579,202.467104071935,0.174333949097429,5.08257526027832,0,3.77484679888216,0,0,0,0,0,0.243579522417844,2.81874082275439,2.85823699340163,983.742411223507,0.812356465381867,1.51881061404966
"27","15M","Hypothalamus","3",48.0966864771646,0,0.581213293926296,0.524649018812817,4.47282219371583,223.614864189656,0,3.66146887639752,0,1.650685234685,0.897436410446174,0,0,1.25558309756717,0,0.959433124521903,2.27691183320257,0.451545397650025,709.9858351402,0.447405669058879,0
"28","15M","midbrain","1",45.9631932705162,0,3.32861518352449,0,6.54443728485861,278.281815687187,0,7.49422441838603,0,4.13000811636111,0,0,0,1.38809652801702,0,0.6168660777425,1.87348509445581,3.55904101806013,768.219500477709,0,0.400777635153971
"29","15M","midbrain","2",51.0547930019372,0,2.62173562227243,0,5.31013930775672,287.113040314586,0.406948742827561,5.56710709788167,0,3.93638633117823,1.82645714633801,0,0,0.418680730037436,0,0.678922468940378,2.37934029131783,3.46476704324538,911.543553546991,0,1.11444996504797
"30","15M","midbrain","3",40.373577308283,0.994169459658809,0.935371900571965,0.147620623974192,3.50678521323214,221.917830565788,0.141351553708162,5.14968423907255,0,3.431596158662,0.721183221585192,0,0,1.16224106067307,0,0.718065336685347,1.54431513660424,0.968291906827349,622.973270442246,0.121067106759002,0.369767998717337
"31","15M","olfactory bulbs","1",44.8853204017783,51.293058288126,0.323971791780904,0.573556377990023,11.6382128348448,107.657535784343,1.00355147671579,6.37240219623288,0,2.76257374732547,0.127332915639153,0.0279866388309584,0,0.543378360411037,0,0.244023396271585,2.06276601151889,2.19422518687235,435.303959124837,0.0808373850976817,0.110537582428479
"32","15M","olfactory bulbs","2",44.9346361914138,11.7338621761123,0.302820859152584,0.52926511753468,21.4502255320482,143.515620491911,1.08432303021566,3.1902479407618,0,2.62430022138899,0.0472600561577842,0,0,0.380955790043892,0,0.356237943198793,1.77162378965836,1.18319324848958,357.124866848581,0.0869183367884509,0.119259228965768
"33","15M","olfactory bulbs","3",29.1548153024773,54.8327393400009,0.492392178698699,1.13396462733481,7.60171341552075,94.7603903009643,0.662529205995126,6.17061448881075,0,2.87575556451862,0.162999031621921,0.084109425287621,0,0.267975032092797,0,0.209976433800332,1.67857852390516,1.46993874348734,330.157622784124,0,0.148226314685594
"34","15M","pons&medulla","1",41.2160001794977,0,0.454448374385667,0.159076499350254,2.67135155386568,253.393791209586,0.0975295132219818,5.14058264540157,0,2.06815701350558,0,0.107828626522507,0,0.922292977093214,0,0.388418355889564,2.02738428518386,2.6442191858674,348.764980706406,0.318936761222679,0.213823667573744
"35","15M","pons&medulla","2",42.8324498976514,0.506365625148232,0.372472090362762,0,2.18997873205312,206.792524174146,0.276482099679031,3.00645125006522,0,3.5618129261205,0.313287869229229,0,0,0.594472200737503,0,0.858604810921217,2.35288341411578,1.28063912370846,363.628141335901,0.15618004538637,0
"36","15M","pons&medulla","3",44.0819040968236,0.601014667621351,0.225648594509741,0.453963801104877,1.99624399364857,173.142216779652,0.188933242227984,2.94632274926491,0,2.87404628998814,0.130510878699918,0,0,0.292720126238207,0,0.465279659860069,1.55239753507221,0.871822280265874,374.705678886931,0.11697252261449,0.132637817248365
"37","15M","Thalamus","1",49.1750173654546,10.6327757359717,0.0919065406636718,0.136624411965502,5.8401870154201,201.399762027203,0,4.29316336328789,0,3.3181641759407,0.0972543552449694,0,0,0.782698398937678,0,0.203520434627898,2.07640045617731,2.04755114581956,499.516869327781,0.19292762494642,0.487126564156873
"38","15M","Thalamus","2",58.7732699197923,18.6322818002914,0.963189830673893,0.097475442877154,7.32960412715334,173.217566006243,0.0751589808737997,2.35821089535936,0,3.58251240286185,0.172717386938693,0,0,0.536126007371145,0,0.440778503063034,2.49842964872529,2.76098031057994,651.230791384581,0.199573986063025,0.335671004709037
"39","15M","Thalamus","3",48.8367820971835,6.39364358479582,0.193309207094204,0,4.51975308089065,161.415183828112,0.503962563141159,3.65988297971521,0,3.90962345201223,0.258996713650069,0,0,0.506709679962186,0,0.725026154890051,1.14424905435118,2.54436870511747,432.709313016216,0.176296616788732,0.208650509197495
"40","15M","ventral striatum","1",58.9074049056871,7.21007650177368,1.04036647491953,0.347063811298301,4.79453835175724,228.454069808893,0,3.72397499637628,0,0.630861542806583,0.341096848355753,0,0,1.07470423361915,0,1.28360769479651,2.63108587324362,4.89163332488349,670.440023968421,0,0.761769857739285
"41","15M","ventral striatum","2",53.9435473310977,0,1.2501539199908,0,4.14301658306723,210.369752666855,0,5.46160097722377,0,3.62854909601142,0.389306482759846,0,0,0,0,0,2.87010539902381,3.14756963025405,685.45429196119,0,0
"42","15M","ventral striatum","3",52.4755585615978,23.0198504838197,0.92213196762195,0.342273865354115,5.1006324880782,103.380994641419,0.305450072355641,4.30478121001037,0,2.7771215711089,0.762889652547557,0,0,0,0,0.286246688999259,1.33043945616182,2.8777782384327,703.400919745944,0,0.396154534845253
"43","21M","anterior olfactory","1",36.2506338308772,62.6719431846106,0,0,4.51600496875157,136.770298836177,0.484693556059199,6.81606548927579,0,0,0,0,0,0,0,0,0.408302682286999,2.52056690639802,566.324341513018,0,0.362883025189795
"44","21M","anterior olfactory","2",61.3082734359568,22.7483791667087,0.328885018063432,0,6.15852846558786,143.997107197273,0.316526082102802,3.40511935094586,0,0.978252350952176,0,0,0,0,0,0,0.333086369682493,2.01756368171407,529.207037110514,0.31984462806012,0
"45","21M","anterior olfactory","3",26.9511939135789,70.286467291415,0.395596322904365,1.10954287252894,3.11171578865554,129.030864974052,0,6.0601806133044,0,0.523855523264163,0,0,0,0,0,0.323153389859802,0,1.62332602166637,446.19328598986,0,0.187039278568733
"46","21M","basal forebrain","1",46.1404357217963,0.495941957006487,1.55755429455955,0,3.12165047093894,289.877120134242,0,4.29369447500808,0,0,0.298837698312927,0,0,0.562772903213594,0,0,0,3.25942007933618,835.998932126877,0,0
"47","21M","basal forebrain","2",68.5650465131455,17.0690316433294,2.07960794336287,0,7.29295063245654,235.77959370864,0,6.00821475828079,0,2.31033915028642,1.00807343351385,0,0,0,0,0.386979569761481,1.62492696077707,4.02878917028764,942.956656018593,0,0
"48","21M","basal forebrain","3",48.7296143579957,0.249610511514743,2.02129677700237,0,3.87952525724996,239.122518100641,0,5.2433683765346,0,0.449237538011266,0.527584266103467,0,0,0,0,0,0.712907025788779,2.0453715187439,939.669346482707,0.906150040438747,0.204480311987507
"49","21M","caudate putamen","1",52.0385947402694,11.6125549155997,1.1506653951644,0,5.99946217374201,108.076249014406,0.214542886095198,2.06816418410615,0,0,0.11903286023026,0,0,0,0,0,0.122496966988891,0.586873870096831,698.077990490168,0.12642934009892,0.332725214109421
"50","21M","caudate putamen","2",67.0485955669676,25.0028948449092,1.28898015271658,0,8.38727774989392,93.9716598466358,0.430326547944219,1.51752424174146,0,0.233150640289732,0.18573918716643,0.241133654660857,0,0.251558760447425,0,0.625021695424805,0.21450699472876,0.896489699635034,665.623057328312,0,0.522952357487966
"51","21M","caudate putamen","3",54.2856617959043,14.2220913783128,0.902077006727509,0,7.01441651883084,119.882276268212,0.071495586272803,1.87106289980687,0,0.513919503188067,0,0,0,0,0,0.268989691174598,0,1.00735317381876,698.520004242822,0.247930829724404,0.878944861377132
"52","21M","cerebellum","1",50.5677306410258,11.1469126171641,1.02472611909877,0.0665054580029975,4.04854988781147,110.446538007706,0.542355179859751,11.4105408342086,0.0151920503777161,0.396547291800233,0.349061427396729,0.022927573121551,0,0.608216471030385,0,0.122490510417314,0.25799690067246,1.48151067426496,675.717554637075,0.144334334773179,0.293313586261421
"53","21M","cerebellum","2",52.8081160988246,14.5558335681907,1.59149377142135,0.178918348930577,5.45467371736708,84.7158023530989,0.604424007033427,11.4407721418275,0.0202979697273467,0.570000390056541,0.315572587114396,0.0222296542851067,0,1.11314162826444,0,0.344857778344231,0.290589797525605,1.60367616129714,630.520271290487,0.0318555505230722,0.379525834953885
"54","21M","cerebellum","3",42.9156326003056,6.81654798746146,0.693240187688857,0.1188057505354,2.46165458611352,97.2928575986242,0.265221038688171,6.58633762279937,0,0.304783963131227,0.115962814059545,0.0354724468956294,0,0.654909657357967,0,0.168196575166019,0.361242308802713,1.47722798019323,578.776372289595,0,0.164947381355511
"55","21M","corpus callosum","1",61.7689526127601,4.96594248298662,1.11367499219393,0.17687147896279,4.00283238663445,157.089191472932,0.683106520137987,1.3366262162561,0,0.760185293032666,0,0,0,0,0,0.148601442864179,0.679005777841217,0.126672055869036,649.619763165445,0,0.214171434299525
"56","21M","corpus callosum","2",61.6481150997691,0.618280379542328,0.491644079436167,0.309925874812719,3.55564764617323,109.482616544515,0.105351346469954,0.594426095266225,0,0.413003203499836,0,0,0,0,0,0.158531161300992,0.118863096512689,0.680374598052588,506.98060405624,0,0
"57","21M","corpus callosum","3",43.1590293021892,3.20156637643856,0.496174888618967,0.179632083004068,1.29767976441027,121.844614368769,0.180349069128932,0.526433375760123,0,0.178283830700068,0,0,0,0,0,0,0.363291152423458,0.28884326711421,521.21774677971,0.121209577826326,0
"58","21M","cortex","1",49.5537037228622,27.5540850755313,0.405294799213587,0.164485590180846,4.57596187723585,110.608142766664,0.329557127962684,4.99658638819726,0,0.802336100864713,0.090165161743765,0,0,0.0998571546667776,0,0.424602028800227,0.581111505249706,0.9960846395878,539.714942489894,0.125303987045133,0.238756695673174
"59","21M","cortex","2",57.9447949137518,14.6788682173934,0.280256346434526,0.123831120101912,4.41942436310291,99.3504045272008,0.320950865272801,3.28986759690181,0,0.673940674435949,0.243197033097801,0.0275614850102928,0,0.307717024792314,0,0.155828032671689,0.130684247107144,0.285998819236237,457.749627656301,0,0.172643339879084
"60","21M","cortex","3",46.6335583063956,28.9156799402676,0.560265366888248,0.0463654766096462,4.0780239192939,91.8683604507936,0.202077522847439,4.2518212260299,0,0.714649048635988,0.11754051069284,0.0326193636650867,0,0.0808725856291544,0,0.299260733158988,0.357166945883247,0.71940930308589,506.422724011712,0.063336113760462,0.206888549605941
"61","21M","fornix","1",33.6832774589446,11.8728926332827,0,0,4.29758477734127,131.737678727355,0,2.06755919144354,0,1.46770060053702,0.723941839082738,0,0,0.652920870281201,0,0,0,0.905249146144064,524.621994505982,0,1.55173307061244
"62","21M","fornix","2",46.5932580428372,0.808480394091214,0,0,1.47431864429396,116.13491451648,0,0.780443976212637,0,0,0.545324832067398,0,0,0,0,0,0,0,503.592478557194,0,0
"63","21M","fornix","3",31.8444476807641,3.8844441992464,0.667916550898654,0,0.52048663217241,100.822997169376,0,0,0,0,0,0,0,0,0,0,0,0,405.434288098466,0,0
"64","21M","hippocampus","1",46.5700580972604,34.6281790573556,0.420375386197907,0,5.04381590669688,109.763177869319,0.840082295695901,4.79697861384645,0,1.18403205258548,0.250474435468769,0,0,0,0,0,0.262970692940072,1.49328492228714,502.495058272916,0.291739549426206,0.272711575039632
"65","21M","hippocampus","2",43.9456218025217,40.2234369920817,0.705676699219665,0.735274458472729,3.63883110467812,75.3155203094729,0,3.52507895909568,0,0.183429096053122,0.189723055842962,0,0,0.38082646519853,0,0,0.207889490141869,1.33159354611764,437.58003418393,0,0
"66","21M","hippocampus","3",50.4185433861354,27.8148884289096,0.367549605912487,0,4.2374324186064,109.197754373181,0.264154568558406,2.58742417505458,0,1.10680485773014,0,0,0,0.393082824303372,0,0,0.345179931823746,1.97373677517431,482.019219614704,0.15552467847668,0.40502695201581
"67","21M","Hypothalamus","1",50.3723399707499,0.654759394019116,2.79530150797619,0.144807421176154,3.23607543371409,255.65293451203,0.335215268086689,3.07852291365644,0,0.15954081770822,0.465613649580351,0,0,0.231634610811895,0,0,0.640052980904181,2.43363179403239,863.287092484966,0,0.908948079733571
"68","21M","Hypothalamus","2",63.1714412565706,1.0050484644677,1.94177885805537,0,2.7427994138839,257.962931245417,0.797785108232396,5.17371924231322,0,0.76222467313212,0.855860461697664,0,0,0,0,1.29768636006641,1.56004462669785,1.72616018866029,1002.78935562728,0,0.455053175808489
"69","21M","Hypothalamus","3",41.7005328239559,0.408904665459415,0.316511148388517,0,4.42011210534115,231.03360032146,0.192100777800276,2.77076723648915,0,0.541975045466402,0.733351024390377,0,0,0.751708076889065,0,0,0.585587327345028,1.06232547116527,750.138278199775,0,0.471927624043208
"70","21M","midbrain","1",50.0056067258297,0.158283730005801,2.75587499994899,0.354023265459242,4.8833060781367,296.955918207189,0.151011778680278,8.68788143460314,0,1.42396656231503,0.354969067364007,0,0,0,0,0.214573730238231,0.294680804532947,2.49839679148649,963.863823783333,0,0.133679229254936
"71","21M","midbrain","2",42.2109439102543,0,0.963784315499684,0,3.92815843028601,254.984929593292,0,7.2708751552837,0,0.63672364781123,0.791677949975299,0,0,0.120702518148163,0,0.682561541516383,0.153823436611322,2.28413685671812,783.84977697505,0,0.685489123479614
"72","21M","midbrain","3",29.2689638318851,0.126736253675276,0,0.260933318420571,3.53368324303739,251.709683946578,0,3.46932711907421,0,0.305056131271896,0,0,0,0,0,0,0.500211111121443,0.719617584711624,609.360206709707,0,0
"73","21M","olfactory bulbs","1",32.449900089496,38.7231491217826,0.132774173026805,0.0871967561513417,6.34922593232829,112.763545776878,0.246448321544292,5.19320407949204,0,0.473166234392552,0,0,0,0.189592851953271,0,0.345329342988475,0.324233974174285,2.28074908792202,439.798591611101,0.0701381792502985,0
"74","21M","olfactory bulbs","2",51.1456035702917,45.2126195421482,0.508130892041717,1.97780665270242,7.95166838896704,163.680937241132,0.793094796128463,5.93180623099844,0,1.56038430088434,0.534058925617513,0,0,0.264042285098187,0,0.642641325295947,0.802207573300803,3.58160679972323,556.296006989867,0.22968092639844,0.130920251975459
"75","21M","olfactory bulbs","3",32.8720981520074,42.9313920089902,0.266515828696107,0.377129841104635,9.42448014830397,103.402455467702,0.438552648401145,4.63205201294943,0,0.616990456588587,0.0354359874812281,0.0332668225682492,0,0.14418758620735,0,0.10743279726799,0.403906365072426,0.855861455743214,383.738156535146,0.0325362721314653,0.0415546315004157
"76","21M","pons&medulla","1",21.6347101343667,2.20035868437885,0.228769807826642,1.09196744517218,0.941158992838855,290.334513396899,0,5.4153878408887,0,0,0.0879715927753179,0,0,0.0989411783517071,0,0.328713042334054,0.170401272198223,0.362964796870602,354.628312778728,0,0.077634887711246
"77","21M","pons&medulla","2",53.3145638828778,0.347185778741614,0.228902771008931,0.750464720188047,2.54743112815107,279.522646625475,0,6.00100859170629,0,0.680506058348892,0.404483140104738,0.135428361997142,0,0.144491631247992,0,0.687155981151588,0.967489491176772,0.998792952862771,495.933990485129,0.527519496160513,0.173217010259987
"78","21M","pons&medulla","3",30.0750666606356,0.317754679117068,0.28390631655277,0,1.096722007807,194.331828001899,0,3.30191420710889,0.296320645963532,0,0.150281228243494,0,0,0,0,0.151439878489803,0,0.263056518884243,412.564616591034,0,0.168327143779912
"79","21M","Thalamus","1",37.1061021540857,3.41932483482226,0,0,2.22629493541244,182.443093455439,0,2.63943067543348,0,0.24608134869043,0.399177608697901,0,0,0.194878903707828,0,0.0995299443287204,0.331916956150715,2.35177768202091,426.666523686189,0,0
"80","21M","Thalamus","2",51.4023713674922,5.19895704669036,0.782079632104659,0,3.1719555246544,177.834153684977,0.185956155153295,4.22861587263885,0,1.1779615857723,0.121468943829611,0.168743418746015,0,0.11776658424996,0,0.233994885099543,0.269527108467186,2.06299817024246,442.761199933366,0,0.181682938114455
"81","21M","Thalamus","3",38.6137800006219,7.22675387401599,0.145226843457376,0,1.71217021555935,170.74767208443,0,4.29739486989607,0,0.102080863041372,0.677453858533774,0,0,0.0962290785159022,0,0,0.213108394155022,1.65931667267554,431.672833183873,0.205293849204835,0.133308386188166
"82","21M","ventral striatum","1",36.3282361236515,18.7186408444616,1.17435404209873,0,1.0592159118796,171.611171500681,0.370630513117057,6.23715138068044,0,0,0,0,0,0,0,0,0,0.893448078820546,762.894679319965,0,0.967029497985483
"83","21M","ventral striatum","2",57.4972852652417,35.6863004619237,0.63908143678362,0.861532995168777,7.41464685617089,127.814602687381,3.26006552903308,5.65363404659607,0,1.47793830015594,0.449223119252645,0,0,0.579028685117502,0,0,0.742747848317608,2.82449656826843,679.120754203956,0,0.294812118227529
"84","21M","ventral striatum","3",44.2182934422745,8.28374169940052,2.51407617610167,0,3.21171706954484,211.909303997544,0,5.32670947358248,0,0.408904665459415,0.697108757087728,0,0,0,0,0,0.344348621728506,2.67139006520893,816.39666534657,0,0
"85","6M","anterior olfactory","1",53.7508965095172,24.9669647249956,1.33995654496887,0,7.50227045498822,126.213714352111,0,5.40065688836624,0,6.28030816741544,0,0,0,0.648844137933076,0,0,4.9512987192274,4.91142252946143,596.867991142573,0,0
"86","6M","anterior olfactory","2",25.2350942296338,29.9454007421319,0,0,5.11938186887027,135.346128620067,0,6.37253323213427,0,2.13848595145893,0,0,0,0,0,0,4.29569691515565,4.43655761906158,421.088964287771,0,0
"87","6M","anterior olfactory","3",36.529239399528,48.3488751562264,0,0.621776008356636,4.81830831345463,89.6841220966837,0,1.24743528470532,0,1.18888741304808,0,0,0,1.56704974026109,0,1.82281105389079,1.89780971190088,0.882686878636604,385.32698123005,0,0.650751362064445
"88","6M","basal forebrain","1",55.338050107079,4.21167180987142,0.701003250747581,0,5.03315749490697,248.167000860603,0,4.49644212107223,0,4.29999429477872,1.0992586929427,0,0,0.963196077218138,0,0,4.66240859114768,3.55422417166307,941.104950948394,0.558669736474665,1.19310682625632
"89","6M","basal forebrain","2",46.8759924552478,0,0.614132349768764,0,7.70488080862852,269.360376507672,0,6.6105892572834,0,1.50382657344316,0,0,0,0,0,0.73139307590378,1.29846843369867,4.56469180571551,799.196341207707,0.635580081565219,0.857932362071637
"90","6M","basal forebrain","3",49.9942002662043,1.16199841683824,2.98159330050199,0,2.12748199832525,184.839349275847,0.931640623976659,3.09599287527684,0,3.24002465925486,0,0,0,0,0,0,2.18598679803644,1.95807119703736,699.951578782222,0.544136486044405,0
"91","6M","caudate putamen","1",56.5606900828745,3.4167296345696,1.89860557120707,0,6.49884547576486,122.866383878897,1.48102002304414,2.14057564959617,0,2.97297259936568,0.436753065345773,0,0,0.511675225788146,0,0.166921848906929,3.03373736783878,2.23174418892123,564.110310762844,0.814297750319627,1.25566855426118
"92","6M","caudate putamen","2",52.5133076573116,10.9059077465094,1.28864359456563,0,5.20812751647243,119.871059406569,0,2.53333783083596,0,2.41260162102565,0.335270468309758,0.220638762496589,0,0.788500114288196,0,1.10873387717919,1.57370451232022,2.70782073249777,520.648112580087,0.26908150016505,0.786398539241088
"93","6M","caudate putamen","3",35.4581394333258,20.47842388831,0.940205670480291,0,3.3741838885456,65.4361468700535,0,1.4092599758706,0,1.54169812956807,0,0,0,0.667235958377581,0,0,1.13426692391818,0.886560031845155,354.46349331948,0,0.281206131298093
"94","6M","cerebellum","1",50.6474752850968,12.3809078969805,0.699732176254688,0.0244746411954793,4.2230863219656,92.1518246374065,0.818382518131021,9.35184893833895,0,3.76179103445021,0.613303957755625,0.0533564418287017,0,0.759373214545995,0,0.473638883850423,1.96423296753157,2.84661137292594,534.236265007356,0.2026443233898,0.21726556416553
"95","6M","cerebellum","2",51.2147401679626,15.2309887078966,0.764714192245804,0.0526089006504119,4.39316458665018,85.4103319785628,0.998741706652369,11.0152298575125,0,3.25978924374153,0.377249980162544,0.0668617470224936,0,2.09511896892271,0,0.40661397100949,1.94023832293478,2.24552861929313,476.077805635916,0.133001890903538,0.347760471845728
"96","6M","cerebellum","3",54.1132429407137,9.9128637595645,0.833720266151319,0.118338601969102,4.6882775514351,81.2838803839382,0.868112472248985,8.12391255086276,0,3.02233357041901,0.57381673252491,0.0265879316956546,0,1.11769929197567,0,0.208535523257919,1.49038600227394,2.54203092928323,556.201619386353,0.155624376853624,0.0983704498336658
"97","6M","corpus callosum","1",48.0208335366823,0.152666159580119,0.340865794082955,0.220595849524504,2.87969765849467,102.757191619779,0.71141914722063,0.176957476558849,0,2.93942255118166,0.22124538026999,0,0,0.799526688291515,0,0,1.5127634573578,3.06867178850227,382.50396423557,0,0.480365234746996
"98","6M","corpus callosum","2",56.6722806676886,0.738788489924999,0,0,3.48450353114365,207.501591872166,0.23961865509435,2.99579629500679,0,4.47258380855116,0,0,0,1.68400909197226,0,0.42156433552842,2.77663923482562,2.10775406027811,389.655252205185,0.124574813097272,0
"99","6M","corpus callosum","3",49.1385196433122,3.56008504905815,1.03651130520142,0,2.64534861072088,101.978293147703,0.417877328069261,1.27064306272726,0,1.90627214999615,0,0,0,0.340377970247377,0,0,1.16134209122205,0.902579543033735,312.454637683299,0,0.3874086509277
"100","6M","cortex","1",41.3782212631682,13.5558766801486,0.27921033479234,0,3.92323611607973,77.354632084716,0.78963590300057,2.75348276730841,0.0538173669001395,3.73962949590668,0.294948130340855,0,0,0.251255451560725,0,0.477057206929332,2.07365488422327,2.22968708524706,410.368947331998,0.0845742586012514,0.175598524814787
"101","6M","cortex","2",45.5790402119953,25.8133450297216,0.400312521054262,0.26343068815332,3.52001302978753,138.013639823477,0.505844709356348,5.08512958826061,0,4.20644627469101,0.240989697446972,0.0529024904185714,0,0.364521151646467,0,0.481251301794618,2.22244874885428,2.54081748771925,379.729402072142,0.295649562510682,0.25607799625937
"102","6M","cortex","3",47.9839753082143,15.2195933979015,0.696730569120436,0.0856946304764602,4.04369938467391,82.7454809354354,0.794756270805732,2.87409937615901,0,3.83226272677508,0.0650430664168716,0.0705290946095282,0,0.456401429571223,0,0.418498356826763,1.84534221538816,1.56218721354806,470.774537011006,0.144686643783012,0.280392560142157
"103","6M","fornix","1",48.2393380513513,1.5498180841387,0,0,5.59928459771877,116.830783819698,0,3.57618617628135,0,2.29284009852938,0,0,0,0,0,0,1.06945055934051,0.981404551046614,348.616847564266,0,0
"104","6M","fornix","2",64.0115689821755,6.38549347901654,0,0,6.0013740889493,163.657061439663,1.51783182266488,1.92829440066288,0,0,0,0,0,3.12591369573361,0,0,1.05251221923484,0,385.38912851976,0,0
"105","6M","fornix","3",44.3930185672776,6.56753978489205,1.54400873563704,0,5.06291007223737,121.220094772075,0,0,0,1.70450325123689,0,0,0,0,0,0,2.51235951906209,0,330.631966268596,0,0.839163169132362
"106","6M","hippocampus","1",40.2994222770278,26.3751160681648,0.648157530379708,0,2.35425193038308,75.436996585151,0,2.95600874750166,0,1.58263041051401,0,0,0,0,0,0.428443113301841,1.82912252217324,2.07984824087171,352.099938854047,0,0.968998002755843
"107","6M","hippocampus","2",47.3182806240904,39.8290025758485,0.260282507002577,0,6.13790380712431,117.310932504576,0.658420417754503,4.27301584098006,0,2.74131558249033,0,0,0,0.873199507116048,0,0,2.65914888540365,1.68498274642016,368.986957902637,0,0.173619437921755
"108","6M","hippocampus","3",41.7702251027735,43.6553441836333,0.920245077337134,0,3.0678446242729,74.1810332940676,0.168455558529266,3.25385546053181,0,3.5321624353876,0,0,0,0,0,0.425072556822356,1.26304583506473,1.8907288502996,312.807145668079,0.680911800409368,0.42387198437629
"109","6M","Hypothalamus","1",53.2885629584377,1.15469255463142,1.44210544864997,0,6.245509907609,229.274696086052,0,4.17140422334867,0,5.04120139574657,0.654744671594836,0,0,1.94889262726393,0,1.77019225908629,2.31129267652616,1.8708983004985,714.546371259466,0.979810435142657,0
"110","6M","Hypothalamus","2",51.5646624393204,0,0,0,6.58932531796763,222.604470856099,0.804404185867529,5.15054183426826,0,5.75078449257475,0.676880555811654,0.27446227190891,0,0.403763348099793,0,0.531739443364563,1.19991817649612,3.66991737275375,813.540706851345,0,0.285213172979551
"111","6M","Hypothalamus","3",45.2927306775616,0,0.457881412152508,0,3.72449117114868,213.37377357806,0,1.89886585702503,0,4.01671323545435,0.322823989886073,0,0,0.671395591371571,0,0.977409540180416,3.3031552676354,2.61236425251397,645.839003759381,0,0.507445894911285
"112","6M","midbrain","1",39.2462158559894,0.428947253948048,0.522706845644941,0,2.55801721631211,246.387846017672,0,7.08795839793118,0,4.93259663402481,0.466613687016247,0,0,0.65966215489206,0,0.347535167383688,3.21448097009879,2.72307766067195,577.965003796092,0,0.370029190137213
"113","6M","midbrain","2",40.2959839767701,0.363663052153238,0.995830634123011,0.126824311093995,4.48981729483027,274.840770683554,0.352869196359225,9.75128539659059,0,3.15256183170171,0.559750285111778,0,0,0.230574660401382,0,0.664853937906854,2.03622052545797,3.60663422812325,588.60179404149,0.324355982989527,0.383724603938665
"114","6M","midbrain","3",38.70671983778,0,1.20196368225009,0.205275403534308,3.45438209053011,247.599633905351,0,4.56649813650253,0,4.73334049116557,0.915425352403361,0,0,0.751936202248672,0,0.284841203337514,2.48466108375166,1.95375192057101,691.177131545104,0,0.200947201169762
"115","6M","olfactory bulbs","1",36.4245593259705,27.9812678383461,0.181241671630705,0.0882961262537629,9.27173833502559,64.0747655684733,1.07243792851325,4.41224614979009,0,3.2091110604438,0,0,0,0.521559120855296,0,0.452707666884553,2.70397459707241,2.15338928177601,407.50716196975,0.200970867451955,0.180868757239953
"116","6M","olfactory bulbs","2",28.022525126655,17.6037036490819,0.275854379713706,0,10.4365675113224,221.822451044621,0.142529257314077,6.53744054706684,0,3.53693024391261,0,0.0905971800593984,0,0.587485216797368,0,0.431262323915971,1.74965284742751,2.10920042697457,363.263746282062,0.223858265314333,0.359998738132554
"117","6M","olfactory bulbs","3",24.9717974065623,48.8546475279706,0.450547550112583,1.29262827186025,7.03026534382616,92.6980744773497,0.532071855390156,4.23938878860683,0,2.50499410818522,0.0393654425091551,0.0294213053137215,0,0.25154361322299,0,0.374158683826313,1.77529660963449,1.51737189438349,316.810765549487,0.0792096221348962,0.115111496527941
"118","6M","pons&medulla","1",50.6284076187341,0.238425847587887,0.18887526716644,0,2.8879702409549,199.336499534306,0.121960039882157,4.27605966507386,0,5.34842772184278,0.373225057274895,0,0,0.13735223636168,0,0.27142454844092,4.00277731584239,2.81730249472051,399.307784203382,0.38575689336082,0.372865707509625
"119","6M","pons&medulla","2",38.728496101561,0.403387266931008,0.182680522168063,0.073751092085618,1.91050544502051,224.287316378344,0.13221486699549,3.77032007904301,0,3.01515433440686,0.312228777078158,0,0,0.420487906536627,0,0.960406233779176,2.63621258546314,1.66865358270476,331.817299180891,0.0803409797309589,0
"120","6M","pons&medulla","3",27.1863171150821,4.94806193170349,0.248619393511456,0.609616703542148,2.09734533220973,248.131943169933,0,5.21599186513081,0,2.84772988877087,0.209793967843025,0,0,0.313062833603612,0,0.323563809524828,2.25709616756047,1.19568156644054,368.248550142832,0.459814447269486,0.109029674785236
"121","6M","Thalamus","1",47.7449947296847,10.6160654880239,0.317670485242379,0,3.72947829568878,155.66977036381,0.342415217569605,2.60335631333265,0,4.13665660068858,0.313719058772744,0,0,0.599031446543757,0,1.83687723953287,2.66460959446487,2.91821684854777,341.236158713766,0.171584600801854,0.123055350581668
"122","6M","Thalamus","2",45.321183680993,5.86020499056883,0.285503264670849,0,5.02989871099117,185.685798287117,0.454613503502252,3.57848948289642,0,3.46319528710449,0.131964770194176,0,0,0.954029351425006,0,0.153717184092438,2.71547382532217,3.62435261753216,378.11949142697,0,0.215309567995436
"123","6M","Thalamus","3",42.4952000823565,8.22616640898884,0.494443258417907,0,4.29074617617098,140.802847134992,0.198158887895533,2.18211401192307,0,4.06974354149064,0.179610492103945,0,0,0.972047267175494,0,0.677928165963476,1.72580645214336,2.21325078673668,356.692299253593,0.398385666089924,0.500820940449615
"124","6M","ventral striatum","1",56.0569506395273,13.8612313738974,1.89357622365063,0,6.95666328799735,167.145790907723,0.816490872764474,4.83699160163848,0,3.1304299064532,0,0,0,0.585619082944372,0,0.669513943371565,5.10256648796106,7.86775319698606,803.844243694979,0.285585829229142,1.05060539488167
"125","6M","ventral striatum","2",51.5494931834806,2.24140770243264,0.900584875570253,0,3.54386261474326,238.513774321424,0,4.77071183854892,0,2.04852212968789,1.18969057223363,0,0,0.654851954025049,0,0,1.77327050028111,4.92962765311483,655.328267161625,0,0.45170846694395
"126","6M","ventral striatum","3",33.9923876024573,29.0240334335048,1.11702466338611,0,5.01416622333269,102.892155898406,0.310582635468958,2.37697533985606,0,3.03346203820987,0,0,0,0.606826673749036,0,1.18780990268533,1.4871023583101,4.43248779859955,516.451298711078,0,0.802472577999241
